checked_at_utc,search,price,depart,arrive,stops,duration_min,airlines
2026-10-07T18:23:01Z,outbound,214,19:49,22:26,0,157,United
2026-10-07T18:23:01Z,outbound,297,16:05,21:42,1,250,United
2026-10-07T18:23:01Z,outbound,356,22:00,12:43,1,289,United
2026-10-07T18:23:01Z,return,274,19:55,22:26,0,151,United
2026-10-07T18:23:01Z,return,284,16:05,21:11,1,249,United
2026-10-07T18:23:01Z,return,294,17:45,20:15,0,150,United
2026-10-07T18:23:01Z,roundtrip,487,19:49,22:26,0,157,United
2026-10-07T23:06:56Z,outbound,214,19:49,22:26,0,157,United
2026-10-07T23:06:56Z,outbound,297,16:05,21:42,1,250,United
2026-10-07T23:06:56Z,return,274,19:55,22:26,0,151,United
2026-10-07T23:06:56Z,return,284,16:05,21:11,1,249,United
2026-10-07T23:06:56Z,return,294,17:45,20:15,0,150,United
2026-10-07T23:06:56Z,roundtrip,487,19:49,22:26,0,157,United
2026-10-08T02:42:49Z,outbound,233,19:49,22:26,0,157,United
2026-10-08T02:42:49Z,outbound,298,16:05,21:42,1,250,United
2026-10-08T02:42:49Z,return,274,19:55,22:26,0,151,United
2026-10-08T02:42:49Z,return,284,16:05,21:11,1,249,United
2026-10-08T02:42:49Z,return,294,17:45,20:15,0,150,United
2026-10-08T02:42:49Z,roundtrip,487,19:49,22:26,0,157,United
2026-10-08T10:37:46Z,outbound,233,19:49,22:26,0,157,United
2026-10-08T10:37:46Z,outbound,298,16:05,21:42,1,250,United
2026-10-08T10:37:46Z,return,274,19:55,22:26,0,151,United
2026-10-08T10:37:46Z,return,297,16:05,21:11,1,249,United
2026-10-08T10:37:46Z,return,335,17:45,20:15,0,150,United
2026-10-08T10:37:46Z,roundtrip,506,19:49,22:26,0,157,United
